,author_id,conversation_id,created_at,id,in_reply_to_user_id,lang,public_metrics,referenced_tweets,reply_settings,source,text
0,1369942870136741894,1474893749155250176,2021-12-26T00:09:47.000Z,1474895179333406723,1399558730723729412,ja,"{'quote_count': 0, 'retweet_count': 0, 'reply_count': 1, 'like_count': 0}","[{'type': 'replied_to', 'id': '1474893749155250176'}]",everyone,Twitter for iPhone,"@87__riyu ã‚ã‚‰ãŠã„ã—ãã†ğŸ˜‹

ã‚¦ãƒ¼ãƒãƒ¼ã‚¤ãƒ¼ãƒ„ã§å±Šã‘ã¦ã‚‚ã‚‰ãˆã‚‹ã‹ãªï¼ŸğŸ˜"
1,134317962,1474895156386349058,2021-12-26T00:09:42.000Z,1474895156386349058,,ja,"{'quote_count': 0, 'retweet_count': 0, 'reply_count': 0, 'like_count': 0}",,everyone,feather for iOS  ,æ—¥æ›œæ—¥ãªã®ã«ã“ã‚Œã€ã‚¦ãƒ¼ãƒãƒ¼ã‚¤ãƒ¼ãƒ„ã‚‚ã†é§„ç›®ã ã‚ https://t.co/ytq2yQYL7f
2,995834500687872001,1474894978664960002,2021-12-26T00:08:59.000Z,1474894978664960002,,ja,"{'quote_count': 0, 'retweet_count': 0, 'reply_count': 0, 'like_count': 8}",,everyone,Twitter Web App,"æœã‹ã‚‰ç·¨é›†ãŒç«‹ã¦è¾¼ã‚“ã§ã„ã‚‹ã®ã§ã‚¦ãƒ¼ãƒãƒ¼ã‚¤ãƒ¼ãƒ„é ¼ã‚‚ã†ã‹ãªã¨æ€ã£ãŸã‘ã©â€¦
é«˜ãã¤ãã¨æ€ã£ãŸã‹ã‚‰ã‚¦ãƒ¼ãƒãƒ¼é•·ç”·ã«é ¼ã‚€ã“ã¨ã«Ïƒ(â‰§âˆ‡â‰¦)

ã§ã‚‚ã€ä»®ã«3000å††æ¸¡ã—ãŸã‚‰3000å††ãã£ã¡ã‚Šè²·ã†ã®ã§
é€†ã«é«˜ãã¤ã(T_T)

ä¸‰ãƒ¾( â‰§âˆ‡â‰¦)ãƒï¼œãŠã¤ã‚Šåˆ†ã¯å…¨éƒ¨ä¿ºã®ï½ï¼ã€€ã€€ã€ ï½ ã€‘"
3,1347927411107614720,1474894922939781122,2021-12-26T00:08:46.000Z,1474894922939781122,,ja,"{'quote_count': 0, 'retweet_count': 0, 'reply_count': 0, 'like_count': 0}",,everyone,twittbot.net,"ãƒ»2021å¹´1æœˆæœ€æ–°ç‰ˆãƒ»

eats-4kub32

ä¸Šè¨˜ãƒ—ãƒ­ãƒ¢ãƒ¼ã‚·ãƒ§ãƒ³ã‚³ãƒ¼ãƒ‰ä½¿ç”¨ã§åˆå›ã®æ³¨æ–‡ãŒ3å›ã¾ã§1500å††å¼•ãã«ãªã‚Šã¾ã™ã€‚
æ˜¯éã”ä½¿ç”¨ãã ã•ã„ã¾ã›ï¼
ã‚¯ãƒ¼ãƒãƒ³
UberEats
ã‚¦ãƒ¼ãƒãƒ¼ã‚¤ãƒ¼ãƒ„ 
P
https://t.co/QlR8FpLS3W"
4,1343587218028331008,1474894889238556674,2021-12-26T00:08:38.000Z,1474894889238556674,,ja,"{'quote_count': 0, 'retweet_count': 0, 'reply_count': 0, 'like_count': 0}",,everyone,twittbot.net,â™¥ã€æœŸé–“é™å®šã€‘UberEatsã®é«˜é¡å‰²å¼•ã‚¯ãƒ¼ãƒãƒ³é…å¸ƒâ™¥ åˆå›æ³¨æ–‡æ™‚ã«åˆ©ç”¨å¯ï¼ ä¼šè¨ˆã®éš›ã«ãƒ—ãƒ­ãƒ¢ãƒ¼ã‚·ãƒ§ãƒ³ã‚³ãƒ¼ãƒ‰ eats-np6q2i ã‚’å…¥åŠ›â™ª ãƒ»æ™‚æœŸã«ã‚ˆã£ã¦å‰²å¼•é¡ãŒå¤‰åŒ–â˜…1800å††å‰²å¼•ãŒå¤šã„ã§ã™â˜† ãƒ»ã‚¯ãƒ¼ãƒãƒ³ã®æœ€ä½åˆ©ç”¨é¡ä»¥ä¸Šã§åˆ©ç”¨å¯â˜†  #ã‚¦ãƒ¼ãƒãƒ¼ã‚¤ãƒ¼ãƒ„
5,1244066887870234624,1474894868711624705,2021-12-26T00:08:33.000Z,1474894868711624705,,ja,"{'quote_count': 0, 'retweet_count': 0, 'reply_count': 0, 'like_count': 0}",,everyone,twittbot.net,"ã„
å‹é”æ‹›å¾…ã‚³ãƒ¼ãƒ‰ ã‚¯ãƒ¼ãƒãƒ³ å‰²å¼•åˆ¸
ãƒ—ãƒ­ãƒ¢ãƒ¼ã‚·ãƒ§ãƒ³ã‚³ãƒ¼ãƒ‰
ãƒ¡ãƒ«ã‚«ãƒªã€ŒFPXFFYã€
UberEATS ã‚¦ãƒ¼ãƒãƒ¼ã‚¤ãƒ¼ãƒ„ã€Œeats-uvzdciã€
ãƒ©ã‚¯ãƒã€Œ3PGh7ã€
ã‚¿ã‚¯ã‚·ãƒ¼ GOã€Œmf-dcf87yã€"
6,1196700167371550720,1474894858951307267,2021-12-26T00:08:31.000Z,1474894858951307267,,ja,"{'quote_count': 0, 'retweet_count': 0, 'reply_count': 0, 'like_count': 0}",,everyone,Botbird tweets,"ç”²åºœã€é³¥å–ã€æ¾æ±Ÿã€ç¦å²¡ã€ç¦äº•ã§ã‚¦ãƒ¼ãƒãƒ¼ã‚¤ãƒ¼ãƒ„é…é”å“¡ã«ãªã‚ŠãŸã„äººã„ã¾ã›ã‚“ã‹â“

ä»Šãªã‚‰2ä¸‡å††ãƒœãƒ¼ãƒŠã‚¹ã•ã—ã‚ã’ã¾ã™ã€‚
DMãã ã•ã„ã€‚
(ä»–ã®éƒ½å¸‚ã‚‚ã”ç›¸è«‡

#æ—¥æ‰•ã„ #å³é‡‘ #é‡‘æ¬  #æ—¥é›‡ã„ #å˜ç™ºãƒã‚¤ãƒˆ"
7,1455881867111002119,1474894854866243584,2021-12-26T00:08:30.000Z,1474894854866243584,,ja,"{'quote_count': 0, 'retweet_count': 0, 'reply_count': 0, 'like_count': 0}",,everyone,twittbot.net,ä¸»å©¦ã•ã‚“ã‚‚ã€œã‚¦ãƒ¼ãƒãƒ¼ã‚¤ãƒ¼ãƒ„é…é”ã¯å¦‚ä½•ã§ã—ã‚‡ã†ã‹ï¼æ‹›å¾…ã‚³ãƒ¼ãƒ‰ã€Œag31nnsvpvfeã€ã¨å…¥åŠ›ï¼  é…é”ã§1~4ä¸‡å††åˆ†ãƒœãƒ¼ãƒŠã‚¹ãŒè²°ãˆã‚‹! è¨±å¯ã¯ä¸è¦ã§ã™ã€‚#ubereatsé…é”å“¡
8,1451181307183046660,1474894845227696129,2021-12-26T00:08:27.000Z,1474894845227696129,,ja,"{'quote_count': 0, 'retweet_count': 0, 'reply_count': 0, 'like_count': 0}",,everyone,twittbot.net,"é£Ÿæ¬²ã®å†¬ï¼ã‚¦ãƒ¼ãƒãƒ¼ã‚¤ãƒ¼ãƒ„ãƒ‡ãƒ“ãƒ¥ãƒ¼ï¼ï¼
Uber Eatsåˆå›é™å®šã‚¯ãƒ¼ãƒãƒ³ç™ºè¡Œä¸­ï¼

âœ…åˆå›ã‹ã‚‰3å›ç›®ã¾ã§ã€å…¨ã¦1,800å††å‰²å¼•ã¨ãªã‚Šå®Ÿè³ªç„¡æ–™ï¼âœ…

â†“æ³¨æ–‡ç”»é¢ã§ã“ã¡ã‚‰ã®ã‚³ãƒ¼ãƒ‰ã‚’å…¥åŠ›

ã€eats-81kn5hã€‘

UberEats ã‚¦ãƒ¼ãƒãƒ¼ã‚¤ãƒ¼ãƒ„9b,v"
9,1282954868487892992,1474894844657270787,2021-12-26T00:08:27.000Z,1474894844657270787,,ja,"{'quote_count': 0, 'retweet_count': 0, 'reply_count': 0, 'like_count': 1}",,everyone,twittbot.net,â˜†â˜†â˜†é…é”å“¡ãŒä¸è¶³ã—ãŒã¡ãªä¸‹è¨˜ã‚¨ãƒªã‚¢ã«ã¦ã€ã‚¦ãƒ¼ãƒãƒ¼ã‚¤ãƒ¼ãƒ„é…é”å“¡ã‚’å‹Ÿé›†ã—ã¾ã™  åºƒå³¶å¸‚ã€ä»™å°å¸‚ã€æ„›åª›æ¾å±±ã€å²¡å±±å¸‚ã€ç¦å²¡åŒ—ä¹å·ã€é¹¿å…å³¶å¸‚ã€å®®å´çœŒå®®å´å¸‚ã€ç†Šæœ¬å¸‚ã€é™å²¡çœŒ  ç§ã®ãƒ—ãƒ­ãƒ•ã‚£ãƒ¼ãƒ«è¨˜è¼‰ã®å…¬å¼URLã‹ã‚‰ç°¡å˜ç™»éŒ²  ç™»éŒ²ç”»é¢ã§ã€æ‹›å¾…ã‚³ãƒ¼ãƒ‰ã‚’ np6q2i ã¨å…¥åŠ›ã§ãƒœãƒ¼ãƒŠã‚¹ã‚¯ã‚¨ã‚¹ãƒˆï¼
10,1281726604704534529,1474894828186091521,2021-12-26T00:08:23.000Z,1474894828186091521,,ja,"{'quote_count': 0, 'retweet_count': 0, 'reply_count': 0, 'like_count': 0}",,everyone,Botbird tweets,"UberEATSåˆå›ã‚¯ãƒ¼ãƒãƒ³ 
ã€eats-6u9028ã€‘    
ã€åˆå›æ³¨æ–‡é™å®šã€‘ä¸Šè¨˜ã‚³ãƒ¼ãƒ‰ã‚’å…¥åŠ›ã™ã‚‹ã¨ï¿¥1500ä»¥ä¸Šã®æ³¨æ–‡ã§ï¿¥1800å‰²å¼•ã§ã™ã€‚

åˆå›ã‚¯ãƒ¼ãƒãƒ³é©ç”¨ã§ã‹ãªã‚ŠãŠå¾—ã§ã™ï¼ã€€ã‚¦ãƒ¼ãƒãƒ¼ã‚’è©¦ã—ã¦ã¿ã‚ˆã†ï¼
ğŸ–ğŸŒ®ğŸŒ¯ğŸœğŸ±ğŸ£

#UberEATS
#ã‚¦ãƒ¼ãƒãƒ¼ã‚¤ãƒ¼ãƒ„
#ãƒ—ãƒ­ãƒ¢ãƒ¼ã‚·ãƒ§ãƒ³

2021å¹´12æœˆ26æ—¥9æ™‚08åˆ†"
11,1287132390905622529,1474894796225671172,2021-12-26T00:08:16.000Z,1474894796225671172,,ja,"{'quote_count': 0, 'retweet_count': 0, 'reply_count': 0, 'like_count': 0}",,everyone,twittbot.net,#ubereatsé…é”å“¡â˜†â˜†æ–°è¦ç™»éŒ²&amp;æ•°å›é…é”å®Œäº†ã§ã€æœ€å¤§4ä¸‡å††ãƒœãƒ¼ãƒŠã‚¹â™ª â€»ã‚¨ãƒªã‚¢ã€æœŸé–“ã«ã‚ˆã£ã¦é‡‘é¡ç•°ãªã‚Šã¾ã™  é…é”å“¡ç™»éŒ²æ™‚ã€#ç´¹ä»‹ã‚³ãƒ¼ãƒ‰ NP6Q2I ï¼ˆæœ€å¾Œã¯è‹±å­—ã®iï¼ˆã‚¢ã‚¤ï¼‰ã®å¤§æ–‡å­—ï¼‰å…¥åŠ›â˜…ç™»éŒ²å‰ã«ãƒ¡ãƒ¼ãƒ«ä¸‹ã•ã„â˜†  #ã‚¦ãƒ¼ãƒãƒ¼ã‚¤ãƒ¼ãƒ„ #ubereats #æ‹›å¾…ã‚³ãƒ¼ãƒ‰
12,1362047530377252864,1474894788432642049,2021-12-26T00:08:14.000Z,1474894788432642049,,ja,"{'quote_count': 0, 'retweet_count': 0, 'reply_count': 0, 'like_count': 0}",,everyone,twittbot.net,"ãƒ»2021å¹´2æœˆæœ€æ–°ç‰ˆUberEatsç´¹ä»‹ã‚³ãƒ¼ãƒ‰ãƒ»

ã‚¦ãƒ¼ãƒãƒ¼ã‚¤ãƒ¼ãƒ„

ã€eats-3gdcskã€‘â €

ä¸Šè¨˜ãƒ—ãƒ­ãƒ¢ãƒ¼ã‚·ãƒ§ãƒ³ã‚³ãƒ¼ãƒ‰ä½¿ç”¨ã§ä»Šã ã‘ã€Š2000å††å‰²å¼•ã€‹ã‚¯ãƒ¼ãƒãƒ³ãŒåˆ©ç”¨å¯èƒ½ã§ã™ã€‚
æ˜¯éã”åˆ©ç”¨ãã ã•ã„ã€‚
T
https://t.co/y9GYXCa7OX"
13,1214936526712270848,1474894781528809477,2021-12-26T00:08:12.000Z,1474894781528809477,,ja,"{'quote_count': 0, 'retweet_count': 0, 'reply_count': 0, 'like_count': 0}",,everyone,twittbot.net,"uber eatsé…é”ã‚’å§‹ãŸã„æ–¹ã«é€Ÿå ±â‘ â‘¥
ã‚¦ãƒ¼ãƒãƒ¼ã‚¤ãƒ¼ãƒ„ã®é…é”å“¡ã«
ç™»éŒ²ã§æœ€å¤§15ä¸‡å††ãŒè²°ãˆã¾ã™!!
ä»¤å’Œã®ä»Šã ã‘å¤§ãƒãƒ£ãƒ³ã‚¹!!

â†“ä¸‹ã®ãƒªãƒ³ã‚¯ã§ç™»éŒ²ã™ã‚Œã°ok

 https://t.co/EuhwcWWu7k"
14,106189091,1474894751958990853,2021-12-26T00:08:05.000Z,1474894751958990853,,ja,"{'quote_count': 0, 'retweet_count': 0, 'reply_count': 0, 'like_count': 0}",,everyone,get-access-token-rickbox,"ã‚¦ãƒ¼ãƒãƒ¼ã‚¤ãƒ¼ãƒ„ã§ãŠå¾—ã«ãƒ‡ãƒªãƒãƒªãƒ¼
ä»Šãªã‚‰æœ€å¤§Â¥9000åˆ†ã®ã‚¯ãƒ¼ãƒãƒ³ã‚’é…å¸ƒä¸­ã€‚

[eats-ckvsvberue]
09:08"
15,1299896389707599872,1474894655880052737,2021-12-26T00:07:42.000Z,1474894655880052737,,ja,"{'quote_count': 0, 'retweet_count': 0, 'reply_count': 0, 'like_count': 0}",,everyone,twittbot.net,"â­ï¸è¶…ãŠå¾—æƒ…å ±â­ï¸
UberEats(ã‚¦ãƒ¼ãƒãƒ¼ã‚¤ãƒ¼ãƒ„)ã®æ–°è¦ç™»éŒ²ã‚¯ãƒ¼ãƒãƒ³ç™ºè¡Œä¸­âœ¨
æ³¨æ–‡æ™‚ã«ä»¥ä¸‹ã®ã‚¯ãƒ¼ãƒãƒ³ã‚³ãƒ¼ãƒ‰ã‚’å…¥åŠ›ã™ã‚‹ã¨ã€
âœ…åˆå›ã‹ã‚‰3å›ç›®ã¾ã§ã€å…¨ã¦1,800å††å¼•ãâœ…
å®Ÿè³ªç„¡æ–™ã§ç¾å‘³ã—ã„æ–™ç†ãŒé£Ÿã¹ã‚‰ã‚Œã¾ã™â˜€qiu
æ€¥ã’ãƒ¼ãƒ¼âœ¨

ã“ã¡ã‚‰ã‚’å…¥åŠ›â†’ã€eats-81kn5hã€‘"
16,1140985122897797120,1474894624364068866,2021-12-26T00:07:35.000Z,1474894624364068866,,ja,"{'quote_count': 0, 'retweet_count': 0, 'reply_count': 0, 'like_count': 0}",,everyone,twittbot.net,"ã€eats-r7ovgsã€‘ã‚¦ãƒ¼ãƒãƒ¼ã‚¤ãƒ¼ãƒ„/uber eatsã®ã‚¯ãƒ¼ãƒãƒ³ã‚³ãƒ¼ãƒ‰ã§åˆè¨ˆ3000å††å‰²å¼•ï¼ï¼ï¼ï¼ï¼ï¼ï¼ï¼ï¼

åˆå›é™å®šã®ãƒ—ãƒ­ãƒ¢ã€‚èª°ã§ã‚‚åˆ©ç”¨å¯èƒ½ã§ã™ï¼
â†“ãƒ—ãƒ­ãƒ¢ãƒ¼ã‚·ãƒ§ãƒ³ ã‚³ãƒ¼ãƒ‰ã‚’è¿½åŠ æ¬„ã‹ã‚‰â†“
eats-r7ovgs

#ã‚¦ãƒ¼ãƒãƒ¼ã‚¤ãƒ¼ãƒ„
#UberEATS"
17,1259870301396983810,1474894560220545024,2021-12-26T00:07:20.000Z,1474894560220545024,,ja,"{'quote_count': 0, 'retweet_count': 0, 'reply_count': 0, 'like_count': 0}",,everyone,twittbot.net,"ãƒ‡ãƒªãƒãƒªãƒ¼ã‚’ä¾¿åˆ©ã«ãŠãƒˆã‚¯ã«åˆ©ç”¨ã—ã‚ˆã†ï¼

æœŸé–“é™å®šã‚³ãƒ¼ãƒ‰ã€€ã€eats-4et27rã€‘

ã‚’å…¥åŠ›ã—ã¦ã€ã‚¦ãƒ¼ãƒãƒ¼ã‚¤ãƒ¼ãƒ„ã§ä½¿ãˆã‚‹1500å††åˆ†ã®ã‚¯ãƒ¼ãƒãƒ³ã‚’ã‚²ãƒƒãƒˆã—ã‚ˆã†ï¼

#ã‚³ãƒ­ãƒŠ
#è‡ªç²›
#ãƒ†ã‚¤ã‚¯ã‚¢ã‚¦ãƒˆ
#ãƒ•ã‚¡ãƒŸãƒ¬ã‚¹
#ãƒã‚¯ãƒ‰ãƒŠãƒ«ãƒ‰
#ã™ãå®¶ 8"
18,1304682462669225985,1474894525210701824,2021-12-26T00:07:11.000Z,1474894525210701824,,ja,"{'quote_count': 0, 'retweet_count': 0, 'reply_count': 0, 'like_count': 0}",,everyone,twittbot.net,"â­ï¸è¶…ãŠå¾—æƒ…å ±â­ï¸
UberEats(ã‚¦ãƒ¼ãƒãƒ¼ã‚¤ãƒ¼ãƒ„)ã®æ–°è¦ç™»éŒ²ã‚¯ãƒ¼ãƒãƒ³ç™ºè¡Œä¸­âœ¨
æ³¨æ–‡æ™‚ã«ä»¥ä¸‹ã®ã‚¯ãƒ¼ãƒãƒ³ã‚³ãƒ¼ãƒ‰ã‚’å…¥åŠ›ã™ã‚‹ã¨ã€
âœ…åˆå›ã‹ã‚‰3å›ç›®ã¾ã§ã€å…¨ã¦1,800å††å¼•ãâœ…
å®Ÿè³ªç„¡æ–™ã§ç¾å‘³ã—ã„æ–™ç†ãŒé£Ÿã¹ã‚‰ã‚Œã¾ã™â˜€86u
æ€¥ã’ãƒ¼ãƒ¼âœ¨

ã“ã¡ã‚‰ã‚’å…¥åŠ›â†’ã€eats-81kn5hã€‘"
19,2397826308,1474894516817895424,2021-12-26T00:07:09.000Z,1474894516817895424,,ja,"{'quote_count': 0, 'retweet_count': 21, 'reply_count': 0, 'like_count': 0}","[{'type': 'retweeted', 'id': '1474756786171580417'}]",everyone,Twitter for iPad,"RT @k2gtr: ã€Œéš ã‚Œå®…é…ã€èª°ãŒé‹ã¶ã€€Amazonã®è·ç‰©ã€åŠæ•°ãŒçµ±è¨ˆå¤–: æ—¥æœ¬çµŒæ¸ˆæ–°è https://t.co/ticmGNOdT5 

Amazonã®é…é€ãŒç‹¬è‡ªåŒ–ã—ã¦ã‚‹ã®ã¯æ„Ÿã˜ã¦ãŸã‘ã©ã€ã“ã†ã‚„ã£ã¦æ•°å­—ã§è¦‹ã‚‹ã¨ã™ã”ãé¡•è‘—ã ãªã¨æ”¹ã‚ã¦æ€ã†ã€‚ã¨åŒæ™‚ã«ã€å€‹äººè«‹è² ã®å¢—åŠ ã«ã‚¾ãƒƒã¨â€¦"
20,1149832391717879810,1474894512099323907,2021-12-26T00:07:08.000Z,1474894512099323907,,ja,"{'quote_count': 0, 'retweet_count': 0, 'reply_count': 0, 'like_count': 0}",,everyone,twittbot.net,"ã€ã‚¦ãƒ¼ãƒãƒ¼ã‚¤ãƒ¼ãƒ„ã§åå…¥ã‚¢ãƒƒãƒ—ã•ã›ãŸã„ï¼ã€

ã¨ã„ã†æ–¹ã«å‘ã‘ã€ã“ã‚Œã ã‘æŠ¼ã•ãˆã¦ãŠã‘ã°å¤§ä¸ˆå¤«ï¼ã¨ã„ãˆã‚‹å†…å®¹ã‚’5ã‚¹ãƒ†ãƒƒãƒ—ã§ã¾ã¨ã‚ã¾ã—ãŸï¼

https://t.co/wKs3NXimBk

ã“ã®è¨˜äº‹ã‚’èª­ã‚€ã ã‘ã§ã€Œã‚¦ãƒ¼ãƒãƒ¼ã‚¤ãƒ¼ãƒ„ã§åå…¥ã‚’ä¸Šã’ã‚‹ã‚³ãƒ„ã‚„ãƒã‚¤ãƒ³ãƒˆã€ãŒãƒãƒƒã‚­ãƒªã¨åˆ†ã‹ã‚Šã¾ã™â™ª

#ã‚¦ãƒ¼ãƒãƒ¼ã‚¤ãƒ¼ãƒ„
#ubereats"
21,1243055058964459520,1474894494202236934,2021-12-26T00:07:04.000Z,1474894494202236934,,ja,"{'quote_count': 0, 'retweet_count': 0, 'reply_count': 0, 'like_count': 0}",,everyone,twittbot.net,"ä¸‹è¨˜ã®ã‚µãƒ¼ãƒ“ã‚¹ã‚’ãŠå¾—ã«åˆ©ç”¨ã™ã‚‹ã«ã¯
ä»¥ä¸‹ã®ã‚¯ãƒ¼ãƒãƒ³ã‚³ãƒ¼ãƒ‰ã‚’å…¥åŠ›ï¼
ãƒ¡ãƒ«ã‚«ãƒª
KKYRDS
ã‚¦ãƒ¼ãƒãƒ¼ã‚¤ãƒ¼ãƒ„(UberEats)
eats-81cna4
DIDIFoodï¼ˆãƒ‡ã‚£ãƒ‡ã‚£ãƒ•ãƒ¼ãƒ‰ï¼‰
FOOD-2F6FGH"
22,1304656566503665665,1474894460714893314,2021-12-26T00:06:56.000Z,1474894460714893314,,ja,"{'quote_count': 0, 'retweet_count': 0, 'reply_count': 0, 'like_count': 0}",,everyone,twittbot.net,"uber eatsï¼ˆã‚¦ãƒ¼ãƒãƒ¼ã‚¤ãƒ¼ãƒ„ï¼‰ãŒ
é’æ¢…å¸‚ã§ã‚‚â™ª

æ°—ã«ãªã‚‹é…é”ã‚¨ãƒªã‚¢ã‚„ãŠå¾—ãªã‚¯ãƒ¼ãƒãƒ³ã‚‚
ãã‚ã—ãã¯â†’https://t.co/GShImHRejG

é’æ¢…å¸‚ã®ãŠåº—ã‚’ãƒ‡ãƒªãƒãƒªãƒ¼ã§â™ª
#UberEats"
23,1160822009401528321,1474894400346271747,2021-12-26T00:06:41.000Z,1474894400346271747,,ja,"{'quote_count': 0, 'retweet_count': 0, 'reply_count': 1, 'like_count': 0}",,everyone,Twitter Web App,"2æ—¥ã»ã©å‰ã«ã‚¦ãƒ¼ãƒãƒ¼ã‚¤ãƒ¼ãƒ„ã«ç™»éŒ²ã—ã¾ã—ãŸã€‚
ã€Œã‚¢ã‚«ã‚¦ãƒ³ãƒˆã®æº–å‚™ã‚’ã—ã¦ã„ã¾ã™ã€ã‹ã‚‰ãšã£ã¨å¤‰ã‚ã‚Šã¾ã›ã‚“ã€‚
ã™ãã«ã§ã‚‚ä»•äº‹ã‚’ã—ãŸã„ã®ã§ã€å¯¾å¿œã®ã»ã©å®œã—ããŠé¡˜ã„è‡´ã—ã¾ã™

@UberEats_JP https://t.co/PGXsPh0iWX"
24,1213392755298144256,1474894227637403651,2021-12-26T00:06:00.000Z,1474894227637403651,,ja,"{'quote_count': 0, 'retweet_count': 0, 'reply_count': 0, 'like_count': 0}",,everyone,twittbot.net,"ã‚¦ãƒ¼ãƒãƒ¼ã‚¤ãƒ¼ãƒ„ åˆã‚ã¦ç™»éŒ²ã®éš›æ³¨æ–‡ç”»é¢ã§ã‚³ãƒ¼ãƒ‰å…¥åŠ›ã™ã‚‹ã¨æœ€å¤§ã§2500å††ç„¡æ–™ã§ã™
æ³¨æ–‡ç”»é¢ã«ã¦ãƒ—ãƒ­ãƒ¢ãƒ¼ã‚·ãƒ§ãƒ³ã‚³ãƒ¼ãƒ‰ã‚’å…¥åŠ›ã™ã‚‹ã ã‘ ã€eats-cegbgbã€‘ 
#ã‚¦ãƒ¼ãƒãƒ¼ã‚¤ãƒ¼ãƒ„
#UberEats
#Uber"
25,1125735864745639936,1474894190794657794,2021-12-26T00:05:51.000Z,1474894190794657794,,ja,"{'quote_count': 0, 'retweet_count': 0, 'reply_count': 0, 'like_count': 0}",,everyone,twittbot.net,"[2021å¹´12æœˆæ›´æ–°ã€€æœ€æ–°æƒ…å ±]
åˆå›é™å®šã§ä½¿ç”¨ã§ãã‚‹ã‚¯ãƒ¼ãƒãƒ³ã§ã™ã€‚
ä¸‹è¨˜ãƒ—ãƒ­ãƒ¢ãƒ¼ã‚·ãƒ§ãƒ³ã‚³ãƒ¼ãƒ‰å…¥åŠ›ã§ã‚¦ãƒ¼ãƒãƒ¼ã‚¤ãƒ¼ãƒ„(UberEats)ãŒ1800å††å‰²å¼•ã¨ãªã‚Šã¾ã™ã€‚

â†“ã‚³ãƒ¼ãƒ‰
eats-pd2xwb"
26,1112281799726518272,1474894114726776833,2021-12-26T00:05:33.000Z,1474894114726776833,,ja,"{'quote_count': 0, 'retweet_count': 0, 'reply_count': 0, 'like_count': 0}",,everyone,twittbot.net,"Ubereats ã‚¦ãƒ¼ãƒãƒ¼ã‚¤ãƒ¼ãƒ„ã®å‰²å¼•ã‚¯ãƒ¼ãƒãƒ³é…å¸ƒä¸­â™ªâ™ª

ãƒ—ãƒ­ãƒ¢ãƒ¼ã‚·ãƒ§ãƒ³ã‚³ãƒ¼ãƒ‰å…¥åŠ›ã§ã€ä»Šã ã‘1800å††å¼•ãã«â™ª

ã©ã†ãã”è‡ªç”±ã«ãŠä½¿ã„ãã ã•ã„ï¼ˆï¼¾âˆ‡ï¼¾ï¼‰

â†“ã‚³ãƒ¼ãƒ‰â†“
eats-qa2xq7"
27,1225727236902289408,1474894101137227777,2021-12-26T00:05:30.000Z,1474894101137227777,,ja,"{'quote_count': 0, 'retweet_count': 0, 'reply_count': 0, 'like_count': 0}",,everyone,twittbot.net,"ç¾é‡‘å½“æ—¥2ä¸‡å††æ‰‹æ¸¡ã—ã§ã‚²ãƒƒãƒˆã—ãŸã!!Uber Eatsæœ€é«˜ã™ãã‚‹!!

ã‚¦ãƒ¼ãƒãƒ¼ã‚¤ãƒ¼ãƒ„ã‚’ã‚„ã£ã¦ã€1æ—¥ã«13æ™‚é–“ä»•äº‹ã—ãŸæ—¥ã¯å½“æ—¥ã«2ä¸‡å††ã®ç¾é‡‘ã‚’ã‚²ãƒƒãƒˆã—ã¾ã—ãŸ!!
ä»–ã®æ—¥é›‡ã„ã‚ˆã‚Šæ–­ç„¶ãŠã™ã™ã‚ã€‚ç™»éŒ²ãŒé›£ã—ã„ã®ã§ä¸‹è¨˜ãƒšãƒ¼ã‚¸å‚è€ƒã«ã—ã¾ã—ãŸã€‚
https://t.co/VeV1OzNXy1"
28,1282954868487892992,1474894100738764800,2021-12-26T00:05:30.000Z,1474894100738764800,,ja,"{'quote_count': 0, 'retweet_count': 0, 'reply_count': 0, 'like_count': 0}",,everyone,twittbot.net,"é…é”å“¡ä¸è¶³ã®æ¬¡ã®ã‚¨ãƒªã‚¢ã§ã€ã‚¦ãƒ¼ãƒãƒ¼ã‚¤ãƒ¼ãƒ„é…é”å“¡ã‚’å‹Ÿé›†ä¸­ã§ã™ï¼

å¥ˆè‰¯ã€ä¹…ç•™ç±³ã€é«˜æ¾ã€æ¾å±±ã€æ„›çŸ¥ã€ç››å²¡ã€ã¤ãã°ã€æ°´æˆ¸ã€æ—¥ç«‹ã€é«˜å´

æ¬¡ã®URLã‚ˆã‚Šç™»éŒ²
https://t.co/JUxzZIKHT2

ç™»éŒ²ç”»é¢ã§ã€æ‹›å¾…ã‚³ãƒ¼ãƒ‰ã€€np6q2iã€€å…¥åŠ›ã§ã‚¯ã‚¨ã‚¹ãƒˆãƒœãƒ¼ãƒŠã‚¹"
29,1191210129003143169,1474893914805276673,2021-12-26T00:04:46.000Z,1474893914805276673,,ja,"{'quote_count': 0, 'retweet_count': 0, 'reply_count': 0, 'like_count': 0}",,everyone,twittbot.net,"[2021å¹´12æœˆæ›´æ–°ã€€æœ€æ–°æƒ…å ±]
1800yen Off UberEats Coupons in Japan!
This offer is valid only for first-time users

[promo code]eats-pd2xwb

åˆå›é™å®šã‚¯ãƒ¼ãƒãƒ³
ä¸‹è¨˜ãƒ—ãƒ­ãƒ¢ãƒ¼ã‚·ãƒ§ãƒ³ã‚³ãƒ¼ãƒ‰å…¥åŠ›ã§ã‚¦ãƒ¼ãƒãƒ¼ã‚¤ãƒ¼ãƒ„ãŒ1800å††å‰²å¼•ã§ã™ã€‚

â†“ã‚³ãƒ¼ãƒ‰â†“
eats-pd2xwb"
30,1368038555402919937,1474893838871588864,2021-12-26T00:04:28.000Z,1474893838871588864,,ja,"{'quote_count': 0, 'retweet_count': 36, 'reply_count': 0, 'like_count': 0}","[{'type': 'retweeted', 'id': '1474620525955919875'}]",everyone,Twitter for Android,RT @BN_McBa: ä¿ºæ˜¨æ—¥ã‚¦ãƒ¼ãƒãƒ¼ã‚¤ãƒ¼ãƒ„é ¼ã‚“ã§ã‹ã‚‰4æ™‚é–“å¾Œã«æ¥ãŸã‚“ã ã‘ã©ã€å†·é™ã«è€ƒãˆãŸã‚‰åˆæ³•çš„ã«ã‚­ãƒ¬ã¦æ®´ã‚Šã‹ã‹ã£ã¦ã‚‚ã„ã„æ™‚é–“ã ã‚ˆã­
31,1182568151231299585,1474893830998867974,2021-12-26T00:04:26.000Z,1474893830998867974,,ja,"{'quote_count': 0, 'retweet_count': 0, 'reply_count': 0, 'like_count': 0}",,everyone,twittbot.net,"â­ï¸æœŸé–“é™å®šâ­ï¸
UberEats(ã‚¦ãƒ¼ãƒãƒ¼ã‚¤ãƒ¼ãƒ„)ã®æ–°è¦ç™»éŒ²æ™‚ã«ã‚¯ãƒ¼ãƒãƒ³ã‚³ãƒ¼ãƒ‰ã‚’å…¥åŠ›ã™ã‚‹ã ã‘ã§ã€æ³¨æ–‡é‡‘é¡ã‹ã‚‰2,000å††å¼•ãâ—ï¸â—ï¸âœ¨
æ€¥ã’ãƒ¼ãƒ¼âœ¨
ã€eats-96bar3ã€‘"
32,1244066887870234624,1474893793438879745,2021-12-26T00:04:17.000Z,1474893793438879745,,ja,"{'quote_count': 0, 'retweet_count': 0, 'reply_count': 0, 'like_count': 0}",,everyone,twittbot.net,"ã‚
å‹é”æ‹›å¾…ã‚³ãƒ¼ãƒ‰ ã‚¯ãƒ¼ãƒãƒ³ å‰²å¼•åˆ¸
ãƒ—ãƒ­ãƒ¢ãƒ¼ã‚·ãƒ§ãƒ³ã‚³ãƒ¼ãƒ‰
ãƒ¡ãƒ«ã‚«ãƒªã€ŒFPXFFYã€
UberEATS ã‚¦ãƒ¼ãƒãƒ¼ã‚¤ãƒ¼ãƒ„ã€Œeats-uvzdciã€
ãƒ©ã‚¯ãƒã€Œ3PGh7ã€
ã‚¿ã‚¯ã‚·ãƒ¼ GOã€Œmf-dcf87yã€"
33,1204754785510887424,1474893725973512197,2021-12-26T00:04:01.000Z,1474893725973512197,,ja,"{'quote_count': 0, 'retweet_count': 83, 'reply_count': 0, 'like_count': 0}","[{'type': 'retweeted', 'id': '1474743058558496771'}]",everyone,Twitter for Android,"RT @etI5ZwHIhGTu3vO: ã€Ubereatsç„¡æ–™ã‚¯ãƒ¼ãƒãƒ³ã‚³ãƒ¼ãƒ‰ã€‘

åˆå›æ³¨æ–‡æ™‚ã« 1,500å††ä»¥ä¸Šé ¼ã‚€ã¨1,800å††å‰²å¼•ã«ãªã‚‹ç´¹ä»‹ã‚³ãƒ¼ãƒ‰ã§ã™â£ï¸

â¬‡ï¸ã‚¦ãƒ¼ãƒãƒ¼ã®ç™»éŒ²ã¯ã“ã¡ã‚‰
https://t.co/Lzhe9Xxa7E
â¬‡ï¸ã‚¯ãƒ¼ãƒãƒ³ã‚³ãƒ¼ãƒ‰
eats-g4mgâ€¦"
34,1168441900543561728,1474893688459661312,2021-12-26T00:03:52.000Z,1474893688459661312,,ja,"{'quote_count': 0, 'retweet_count': 0, 'reply_count': 0, 'like_count': 0}",,everyone,twittbot.net,"[2021å¹´12æœˆæ›´æ–°ã€€æœ€æ–°æƒ…å ±]
ä½•é£Ÿã¹ã‚ˆ
ã‚¦ãƒ¼ãƒãƒ¼ã‚¤ãƒ¼ãƒ„
ä¾¿åˆ©ã ãª

åˆå›é™å®šã‚¯ãƒ¼ãƒãƒ³ã€‚ä¸‹è¨˜ãƒ—ãƒ­ãƒ¢ãƒ¼ã‚·ãƒ§ãƒ³ã‚³ãƒ¼ãƒ‰å…¥åŠ›ã§ã‚¦ãƒ¼ãƒãƒ¼ã‚¤ãƒ¼ãƒ„(UberEats)ãŒ1800å††å¼•ãã¨ãªã‚Šã¾ã™ã€‚

â†“ã‚³ãƒ¼ãƒ‰
eats-pd2xwb"
35,887661984786796545,1474893683816566789,2021-12-26T00:03:51.000Z,1474893683816566789,,ja,"{'quote_count': 0, 'retweet_count': 0, 'reply_count': 0, 'like_count': 0}",,everyone,twittbot.net,\ 2021å¹´æœ€æ–°ç‰ˆï¼/ ã‚¦ãƒ¼ãƒãƒ¼ã‚¤ãƒ¼ãƒ„ã‚’åˆã‚ã¦ä½¿ã†æ–¹é™å®šã®ã‚¯ãƒ¼ãƒãƒ³ï¼ ã€eats-qg9y87ã€‘ ãƒ—ãƒ­ãƒ¢ãƒ¼ã‚·ãƒ§ãƒ³ã‚³ãƒ¼ãƒ‰è¿½åŠ ã‹ã‚‰ä¸Šè¨˜ã®ã‚³ãƒ¼ãƒ‰ã‚’å…¥åŠ›ã™ã‚‹ã¨ã€åˆå›ã®æ³¨æ–‡ãŒã€1800å††å¼•ãã€‘ã«ãªã‚Šã¾ã™ï¼  ï¼ƒã‚¦ãƒ¼ãƒãƒ¼ã‚¤ãƒ¼ãƒ„ã€€ï¼ƒUbereats ï¼ƒãƒ—ãƒ­ãƒ¢ãƒ¼ã‚·ãƒ§ãƒ³ã‚³ãƒ¼ãƒ‰
36,1455881867111002119,1474893672038940679,2021-12-26T00:03:48.000Z,1474893672038940679,,ja,"{'quote_count': 0, 'retweet_count': 0, 'reply_count': 0, 'like_count': 0}",,everyone,twittbot.net,æ™‚é–“ã¯è‡ªç”±ã€œã‚¦ãƒ¼ãƒãƒ¼ã‚¤ãƒ¼ãƒ„é…é”ã¯å¦‚ä½•ã§ã—ã‚‡ã†ã‹ï¼æ‹›å¾…ã‚³ãƒ¼ãƒ‰ã€Œag31nnsvpvfeã€ã¨å…¥åŠ›ï¼  é…é”ã§1~4ä¸‡å††åˆ†ãƒœãƒ¼ãƒŠã‚¹ãŒè²°ãˆã‚‹! è¨±å¯ã¯ä¸è¦ã§ã™ã€‚#ubereatsé…é”å“¡
37,1120699248637427713,1474893576417198081,2021-12-26T00:03:25.000Z,1474893576417198081,,ja,"{'quote_count': 0, 'retweet_count': 0, 'reply_count': 0, 'like_count': 0}",,everyone,twittbot.net,"ã€Uber Eats(ã‚¦ãƒ¼ãƒãƒ¼ã‚¤ãƒ¼ãƒ„)kindleæœ¬ãƒªãƒªãƒ¼ã‚¹æƒ…å ±ï¼ã€‘

â˜†ã“ã‚“ãªäººã«ã‚ªã‚¹ã‚¹ãƒ¡â˜†

â‘ ã‚¤ãƒã‚¤ãƒç¨¼ã’ãªãã¦æ‚©ã‚“ã§ã„ã‚‹
 
â‘¡ãƒ ãƒ€ãªåŠªåŠ›ã‚’çœãæœ€çŸ­ã§åå…¥ã‚¢ãƒƒãƒ—ã—ãŸã„

â‘¢ç†ä¸å°½ãªbadè©•ä¾¡ãŒã‚¤ãƒ¤

Kindle Unlimitedå¯¾è±¡ï¼ˆèª­ã¿æ”¾é¡Œï¼‰
https://t.co/YEUyU73xNs"
38,1396980868783038464,1474893573544091648,2021-12-26T00:03:24.000Z,1474893573544091648,,ja,"{'quote_count': 0, 'retweet_count': 0, 'reply_count': 0, 'like_count': 0}",,everyone,twittbot.net,"ãƒ»UberEatsé™å®šã‚¯ãƒ¼ãƒãƒ³2021å¹´5æœˆæœ€æ–°ç‰ˆãƒ»

ã€eats-8yi0a9ufx1ã€‘â €

ä¸Šè¨˜ãƒ—ãƒ­ãƒ¢ãƒ¼ã‚·ãƒ§ãƒ³ã‚³ãƒ¼ãƒ‰ä½¿ç”¨ã§ä»Šã ã‘1800å††å‰²å¼•Ã—3å›åˆ†ã®ã‚¯ãƒ¼ãƒãƒ³ãŒåˆ©ç”¨ã§ãã¾ã™ã€‚

å¤§å¤‰ãŠå¾—ã§ã™ã®ã§æ˜¯éã”åˆ©ç”¨ãã ã•ã„ã€‚

code
ã‚¦ãƒ¼ãƒãƒ¼ã‚¤ãƒ¼ãƒ„

P"
39,1413027065981411329,1474893526542745601,2021-12-26T00:03:13.000Z,1474893526542745601,,ja,"{'quote_count': 0, 'retweet_count': 0, 'reply_count': 0, 'like_count': 0}",,everyone,twittbot.net,ã‚¦ãƒ¼ãƒãƒ¼ã‚¤ãƒ¼ãƒ„åˆå›1800å††åˆ†ç„¡æ–™ï¼ãƒ—ãƒ­ãƒ¢ãƒ¼ã‚·ãƒ§ãƒ³ã‚³ãƒ¼ãƒ‰ï¼šeats-1s9t6a3ws8 ã€€://t.co/uFpTIGZZlD?amp=1
40,1440812480817553412,1474893349987536897,2021-12-26T00:02:31.000Z,1474893349987536897,,ja,"{'quote_count': 0, 'retweet_count': 0, 'reply_count': 0, 'like_count': 0}",,everyone,Botbird tweets,"ãŠã£ã™æ›¸ã„ã¨ãã¾ã™
ã‚¦ãƒ¼ãƒãƒ¼ã‚¤ãƒ¼ãƒ„ï¼ˆUberEatsï¼‰ã®é…é”å“¡ã®ç™»éŒ²ã®æ‹›å¾…ã‚³ãƒ¼ãƒ‰ï¼ˆç´¹ä»‹ã‚³ãƒ¼ãƒ‰ï¼‰ã«ãŠä½¿ã„ãã ã•ã„ã€‚æ–°è¦ç™»éŒ²ã®å‹é”ç´¹ä»‹ã§ã™ã€‚
â†’â†’â˜…â˜†PBYH6Iï¼ˆæœ€å¾Œã¯iï¼‰â˜…â˜†

#ã‚¦ãƒ¼ãƒãƒ¼ã‚¤ãƒ¼ãƒ„é…é”å“¡ç™»éŒ²   #UberEatsç´¹ä»‹
https://t.co/qqTvUWj4ir"
41,1218377747027775488,1474889548199264260,2021-12-26T00:02:17.000Z,1474893291003203585,1338666130773168128,ja,"{'quote_count': 0, 'retweet_count': 0, 'reply_count': 0, 'like_count': 2}","[{'type': 'replied_to', 'id': '1474892464062627840'}]",everyone,Twitter for iPhone,@shinodayuh ã‚¦ãƒ¼ãƒãƒ¼ã‚¤ãƒ¼ãƒ„ãŒä»¤å’Œã§ä¸€ç•ªã‚¤ã‚±ã¦ã‚‹ãƒ†ãƒƒã‚¯ã§ã™ã‹ã‚‰ã­w
42,1112281799726518272,1474892965097394178,2021-12-26T00:00:59.000Z,1474892965097394178,,ja,"{'quote_count': 0, 'retweet_count': 0, 'reply_count': 0, 'like_count': 0}",,everyone,twittbot.net,"Ubereats ã‚¦ãƒ¼ãƒãƒ¼ã‚¤ãƒ¼ãƒ„ã®å‰²å¼•ã‚¯ãƒ¼ãƒãƒ³é…å¸ƒä¸­ã§ã™â€¼ï¸

ãƒ—ãƒ­ãƒ¢ãƒ¼ã‚·ãƒ§ãƒ³ã‚³ãƒ¼ãƒ‰å…¥åŠ›ã§ã€ä»Šã ã‘1800å††å¼•ãâ™ª
ã©ã†ãã”è‡ªç”±ã«ãŠä½¿ã„ãã ã•ã„ï¼ï¼

â†“ã‚³ãƒ¼ãƒ‰â†“
eats-qa2xq7"
43,832083067393093632,1474892913578770433,2021-12-26T00:00:47.000Z,1474892913578770433,,ja,"{'quote_count': 0, 'retweet_count': 6, 'reply_count': 0, 'like_count': 0}","[{'type': 'retweeted', 'id': '1474568096098979845'}]",everyone,Twitter for iPhone,"RT @jikiya_jp: è‡ªèµ·å±‹ã®UberEatså¤§å¥½è©•ï½ğŸ˜

ç‰›ã‚µãƒ ã‚®ãƒ§ãƒ—ã‚µãƒ«å¼å½“
è‡ªèµ·å±‹ç‰¹è£½ã®ç‰›ã‚µãƒ ã‚®ãƒ§ãƒ—ã‚µãƒ«ã®ç™»å ´ã§ã™ï¼æ—¨å‘³ãŸã£ã·ã‚Šã®ç‰›ã°ã‚‰è‚‰ã§ã‚·ãƒ£ã‚­ã‚·ãƒ£ã‚­é‡èœã‚’åŒ…ã¿è‡ªå®¶è£½ã®æ¿€ã‚¦ãƒã‚½ãƒ¼ã‚¹ã«ä»˜ã‘ã¦å¬ã—ä¸ŠãŒã£ã¦ãã ã•ã„ã€‚
ã”é£¯ã‚ã‚Šã§ãƒœãƒªãƒ¥ãƒ¼ãƒ æº€ç‚¹ï¼
1400å††(ã‚¦ãƒ¼ãƒãƒ¼ã‚¤â€¦"
44,1005424547124817920,1474892860042399746,2021-12-26T00:00:34.000Z,1474892860042399746,,ja,"{'quote_count': 0, 'retweet_count': 0, 'reply_count': 0, 'like_count': 0}",,everyone,Botbird tweets,"ç´¹ä»‹ç‰¹å…¸ä»˜ããŠå¾—æƒ…å ±æ²è¼‰ä¸­ ãƒã‚¤ãƒ³ãƒˆæ´»å‹•ãƒªãƒ³ã‚¯ (à·†`ê’³Â´à·†)

GRLâ™¡æ¥½å¤©ãƒªãƒ¼ãƒ™ã‚¤ãƒ„â™¡ã‚¯ã‚¤ãƒƒã‚¯ãƒã‚¤ãƒ³ãƒˆ
â™¡ã‚¦ãƒ¼ãƒãƒ¼ã‚¤ãƒ¼ãƒ„â™¡ãƒã‚¤ãƒ³ãƒˆã‚µã‚¤ãƒˆ
ãªã©ã‚’ç´¹ä»‹ä¸­ã§ã™áµ•Ìˆ*

https://t.co/aJm3mRp8K5"
45,1186288161443368960,1474892772469805056,2021-12-26T00:00:13.000Z,1474892772469805056,,ja,"{'quote_count': 0, 'retweet_count': 83, 'reply_count': 0, 'like_count': 0}","[{'type': 'retweeted', 'id': '1474743058558496771'}]",everyone,Twitter for Android,"RT @etI5ZwHIhGTu3vO: ã€Ubereatsç„¡æ–™ã‚¯ãƒ¼ãƒãƒ³ã‚³ãƒ¼ãƒ‰ã€‘

åˆå›æ³¨æ–‡æ™‚ã« 1,500å††ä»¥ä¸Šé ¼ã‚€ã¨1,800å††å‰²å¼•ã«ãªã‚‹ç´¹ä»‹ã‚³ãƒ¼ãƒ‰ã§ã™â£ï¸

â¬‡ï¸ã‚¦ãƒ¼ãƒãƒ¼ã®ç™»éŒ²ã¯ã“ã¡ã‚‰
https://t.co/Lzhe9Xxa7E
â¬‡ï¸ã‚¯ãƒ¼ãƒãƒ³ã‚³ãƒ¼ãƒ‰
eats-g4mgâ€¦"
